hhPersonID,0,1,2,3,4,5,6,7,8,9,10,11,12,13,14,15,16,17,18,19,20,21,22,23
10001952,True,True,True,True,True,True,True,True,True,True,True,False,False,False,False,False,False,False,False,True,True,True,True,True
10002161,True,True,True,True,True,True,True,True,False,False,False,True,True,True,True,True,True,True,True,True,True,True,True,True
10002341,True,True,True,True,True,True,True,True,False,False,False,False,False,False,False,False,False,False,False,True,True,True,True,True
10002422,True,True,True,True,True,True,True,True,True,True,True,True,False,False,False,False,False,False,False,True,True,True,True,True
10003121,True,True,True,True,True,True,True,True,True,True,True,False,False,True,True,True,True,True,True,True,True,True,True,True
10003122,True,True,True,True,True,True,True,True,True,True,True,True,False,False,False,False,False,True,True,True,True,True,True,True
10003123,True,True,True,True,True,True,True,True,True,True,True,True,False,False,False,False,False,True,True,True,True,True,True,True
10003124,True,True,True,True,True,True,True,True,True,True,True,False,False,False,False,False,False,False,False,True,True,True,True,True
10003852,True,True,True,True,True,True,True,False,False,False,False,False,True,True,True,True,True,True,True,True,True,True,True,True
10005541,True,True,True,True,True,True,True,True,True,True,False,True,True,True,True,True,True,True,True,True,True,True,True,True
10005542,True,True,True,True,True,True,True,True,True,True,False,True,True,True,True,True,True,True,True,True,True,True,True,True
10006381,True,True,True,True,True,True,False,False,False,False,False,False,True,True,True,True,True,True,True,True,True,True,True,True
10006651,True,True,True,True,True,False,False,False,False,False,False,False,False,False,False,False,False,False,False,False,True,True,True,True
10007241,True,True,True,True,True,True,True,True,True,True,False,False,True,True,False,False,False,False,True,True,True,True,True,True
10007242,True,True,True,True,True,True,True,True,True,True,False,False,True,True,False,False,False,True,True,True,True,True,True,True
10009251,True,True,True,True,True,True,True,True,True,False,False,True,True,False,False,False,True,False,False,True,True,True,True,True
10009841,True,True,True,True,True,True,True,True,True,True,True,True,True,False,False,False,False,False,False,True,True,True,True,True
10009842,True,True,True,True,True,True,True,True,True,True,True,True,True,True,True,True,True,True,False,False,True,True,True,True
10010391,True,True,True,True,True,True,True,True,True,True,True,True,True,True,True,True,False,False,False,False,False,False,False,False
10010392,True,True,True,True,True,True,True,True,True,True,True,True,True,True,True,True,False,False,False,False,False,False,False,False
10010393,True,True,True,True,True,True,True,True,False,False,False,True,True,True,True,True,True,True,True,True,True,True,True,True
10010394,True,True,True,True,True,True,True,True,True,False,False,False,False,True,True,True,True,True,True,True,True,True,True,True
10013201,True,True,True,True,True,True,True,True,False,False,False,False,False,False,False,False,False,False,True,True,True,True,True,True
10013661,True,True,True,True,True,True,True,True,True,True,True,True,True,True,True,False,False,False,False,False,False,False,True,True
10013662,True,True,True,True,True,True,True,True,True,True,True,True,True,True,True,False,False,False,False,True,True,True,True,True
10014081,True,True,True,True,True,True,True,True,False,False,False,False,False,False,True,True,True,True,True,True,True,True,True,True
10014741,True,True,True,True,True,True,True,False,False,False,False,False,False,False,False,False,False,False,True,True,True,True,True,True
10016231,True,True,True,True,True,True,True,True,True,True,True,True,True,False,False,True,True,True,True,True,True,True,True,True
10016232,True,True,True,True,True,True,True,True,True,True,True,True,True,True,True,True,True,True,True,False,False,True,True,True
10016621,True,True,True,True,True,True,True,False,False,False,False,False,False,False,False,False,False,False,False,False,True,True,True,True
10016622,True,True,True,True,True,True,True,False,False,False,False,False,True,True,True,True,True,False,False,False,True,True,True,True
10016781,True,True,True,True,True,True,True,True,True,True,True,True,True,True,True,True,True,False,False,False,True,True,True,True
10016782,True,True,True,True,True,True,True,True,True,False,False,False,True,True,True,True,True,False,False,False,True,True,True,True
10016831,True,True,True,True,True,True,True,True,True,True,True,False,False,False,False,True,True,True,True,True,True,True,True,True
10016832,True,True,True,True,True,True,True,True,True,True,True,False,True,True,True,True,True,True,True,True,True,True,True,True
10017721,True,True,True,True,True,True,True,True,False,False,False,False,False,False,False,False,True,True,True,True,True,True,True,True
10018521,True,True,True,True,True,True,True,False,False,False,False,False,False,False,False,False,False,False,True,True,True,True,True,True
10018522,True,True,True,True,True,True,True,True,True,True,True,True,True,True,True,True,True,False,False,False,True,True,True,True
10018691,True,True,True,True,True,True,True,True,True,True,True,True,True,False,True,True,False,True,True,True,True,True,True,True
10018692,True,True,True,True,True,True,True,True,True,True,True,True,True,True,True,True,False,True,True,True,True,True,True,True
10018693,True,True,True,True,True,True,True,True,True,True,True,True,True,False,True,True,False,True,True,True,True,True,True,True
10019571,True,True,True,True,True,True,True,True,True,True,False,False,False,True,True,True,True,True,True,True,True,True,True,True
10019573,True,True,True,True,True,True,True,True,True,True,True,True,True,True,True,True,True,True,True,True,True,True,True,True
10019771,True,True,True,True,True,True,True,True,True,True,True,True,False,True,True,True,True,True,True,True,True,True,True,True
10019951,True,True,True,True,True,True,True,True,True,False,False,True,True,True,True,True,True,True,True,True,True,True,True,True
10021581,True,True,True,True,True,True,True,True,True,True,True,True,True,True,False,False,False,True,True,True,True,True,True,True
10022571,True,True,True,True,True,True,True,True,True,False,False,False,True,True,True,True,True,True,True,True,True,True,True,True
10023871,True,True,True,True,True,True,False,False,False,False,False,False,False,False,False,False,False,True,True,True,True,True,True,True
10023872,True,True,True,True,True,True,True,True,True,True,True,True,True,True,False,False,False,False,False,False,False,False,True,True
10024802,True,True,True,True,True,True,True,False,False,False,False,False,False,False,True,True,False,False,False,False,True,True,True,True
10026221,True,True,True,True,True,True,True,True,False,True,True,False,True,True,True,True,True,True,True,True,True,True,True,True
10028301,True,True,True,True,True,True,True,True,True,True,True,True,True,True,True,False,True,True,True,True,True,True,True,True
10028621,True,True,True,True,True,True,True,True,True,True,True,True,False,False,True,True,True,True,True,True,True,True,True,True
10029192,True,True,True,True,True,True,True,False,False,False,False,False,False,False,False,False,False,False,True,True,True,True,True,True
10031463,True,True,True,True,True,True,True,True,True,True,True,True,True,True,False,False,False,False,False,False,True,True,True,True
10032922,True,True,True,True,True,True,True,True,True,True,True,True,True,True,True,True,True,False,True,True,True,True,True,True
10033901,True,True,True,True,True,True,True,True,True,True,True,True,True,True,True,True,True,True,True,True,False,False,False,True
10035231,True,True,True,True,True,True,True,False,False,True,True,True,True,True,True,True,True,True,True,True,True,True,True,True
10035232,True,True,True,True,True,True,True,False,False,True,True,True,True,True,True,True,True,True,True,True,True,True,True,True
10035341,True,True,True,True,True,True,True,True,True,True,False,False,False,False,False,False,False,False,True,True,True,True,True,True
10035701,True,True,True,True,True,True,True,True,True,True,True,True,True,False,False,False,False,False,False,False,False,False,False,False
10035871,True,True,True,True,True,True,False,False,False,False,False,False,False,False,False,False,False,False,False,False,False,True,True,True
10035872,True,True,True,True,True,True,False,False,False,False,False,False,False,False,False,False,False,False,True,True,True,True,True,True
10036682,True,True,True,True,True,True,True,True,True,True,False,True,True,True,True,True,True,True,True,True,True,True,True,True
10036821,True,True,True,True,True,True,True,True,True,False,False,False,False,False,True,True,True,True,True,True,True,True,True,True
10040081,True,True,True,True,True,True,True,True,True,False,False,True,False,False,False,False,False,False,True,False,False,True,True,True
10040082,True,True,True,True,True,True,True,True,True,True,True,True,False,False,False,False,False,False,True,False,False,True,True,True
10040841,True,True,True,True,True,True,True,True,True,False,False,False,False,False,False,False,False,False,True,True,True,True,True,True
10040842,True,True,True,True,True,True,True,True,True,False,False,False,False,False,False,False,False,True,True,True,True,True,True,True
10040901,True,True,True,True,True,True,True,True,False,False,False,False,False,False,True,True,True,True,True,True,True,True,True,True
10040902,True,True,True,True,True,True,True,False,False,False,False,False,False,False,False,False,False,False,False,True,True,True,True,True
10040903,True,True,True,True,True,True,True,True,True,True,True,True,True,True,True,True,True,True,True,True,True,True,True,True
10040904,True,True,True,True,True,True,True,True,True,True,True,True,True,True,True,True,False,False,False,True,True,True,True,True
10040905,True,True,True,True,True,True,True,True,False,False,False,False,False,False,True,True,True,True,True,True,True,True,True,True
10041391,True,True,True,True,True,True,True,True,True,True,True,True,True,True,True,True,False,True,True,True,True,True,True,True
10041392,True,True,True,True,True,True,True,True,False,False,False,False,False,False,False,False,False,False,True,True,True,True,True,True
10041781,True,True,True,True,True,True,True,False,False,False,False,False,False,False,False,False,False,False,True,True,True,True,True,True
10042012,True,True,True,True,True,True,False,False,False,False,False,False,False,False,True,True,True,True,True,True,True,True,True,True
10043231,True,True,True,True,True,True,True,True,True,True,True,True,True,False,False,False,False,True,True,True,True,True,True,True
10043232,True,True,True,True,True,True,True,True,True,True,True,True,True,True,True,False,False,True,True,True,True,True,True,True
10044691,True,True,True,True,True,True,True,True,True,True,True,True,True,True,True,True,True,True,True,True,True,True,True,True
10044692,True,True,True,True,True,True,True,True,True,True,True,True,True,False,False,True,True,True,True,True,True,True,True,True
10047471,True,True,True,True,True,True,True,True,True,True,True,False,False,True,False,True,True,True,True,True,True,True,True,True
10048341,True,True,True,True,True,True,True,True,True,True,False,True,False,False,False,False,False,False,True,True,True,True,True,True
10049082,True,True,True,True,True,True,True,False,False,False,True,True,True,True,True,True,True,True,True,True,True,True,True,True
10054451,True,True,True,True,True,True,True,False,False,False,False,False,False,True,False,False,False,False,False,False,False,True,True,True
10054452,True,True,True,True,True,True,True,False,False,False,False,False,False,False,False,False,False,True,True,True,False,True,True,True
10054453,True,True,True,True,True,True,True,False,False,False,False,False,False,False,False,False,False,False,False,False,False,True,True,True
10054454,True,True,True,True,True,True,True,False,False,False,False,False,False,False,False,False,False,False,False,False,False,True,True,True
10055421,True,True,True,True,True,True,True,True,True,True,True,True,False,True,True,True,True,True,True,True,True,True,True,True
10056171,True,True,True,True,True,True,True,True,True,True,True,True,True,False,False,True,True,True,True,True,True,True,True,True
10056172,True,True,True,True,True,True,True,True,True,True,True,False,True,True,True,True,True,True,True,True,True,True,True,True
10057811,True,True,True,True,True,True,True,True,True,True,True,True,True,True,True,True,True,True,True,False,True,True,True,True
10057812,True,True,True,True,True,True,True,True,True,True,True,True,True,True,True,True,False,False,False,True,True,True,True,True
10059431,True,True,True,True,True,True,True,True,True,True,True,False,True,True,False,True,True,True,True,True,True,True,True,True
10060661,True,True,True,True,True,True,True,True,True,True,True,True,True,True,True,True,True,True,True,True,True,True,True,True
10061001,True,True,True,True,True,True,True,True,True,True,True,False,True,True,True,True,True,True,True,True,True,True,True,True
10061002,True,True,True,True,True,True,True,True,True,True,True,False,True,True,True,True,True,True,True,True,True,True,True,True
10061771,True,True,True,True,True,True,True,True,True,True,True,True,True,True,True,True,True,False,True,True,True,True,True,True
10062102,True,True,True,True,True,False,False,False,False,False,False,False,False,True,True,True,False,True,True,True,True,True,True,True
10066162,True,True,True,True,True,True,True,True,True,True,True,True,True,True,False,True,True,True,True,True,True,True,True,True
10067301,True,True,True,True,True,True,True,True,True,True,False,True,True,True,True,True,True,True,True,True,True,True,True,True
10067711,True,True,True,True,True,True,True,True,True,True,True,True,True,True,False,False,False,True,True,True,True,True,True,True
10067712,True,True,True,True,True,True,True,True,True,True,True,True,True,True,False,False,False,True,True,True,True,True,True,True
10067741,True,True,True,True,True,True,True,True,True,True,True,True,True,False,False,False,False,False,False,False,False,False,False,True
10068171,True,True,True,True,True,True,True,True,True,True,False,False,True,True,True,True,True,True,True,True,True,True,True,True
10068172,True,True,True,True,True,True,True,True,True,False,False,False,False,False,False,False,True,True,True,True,True,True,True,True
10068231,True,True,True,True,True,True,True,True,True,True,True,True,True,True,True,True,True,True,False,False,False,False,False,True
10068232,True,True,True,True,True,True,True,True,True,True,True,True,True,True,True,True,True,True,False,False,False,False,False,True
10068233,True,True,True,True,True,True,True,True,True,True,False,True,True,True,True,True,True,True,True,True,True,True,True,True
10069581,True,True,True,True,True,False,False,False,False,False,False,False,False,False,False,False,False,False,False,True,True,True,True,True
10069582,True,True,True,True,True,True,True,True,True,True,True,True,True,True,True,True,False,True,True,True,True,True,True,True
10070391,True,True,True,True,True,True,True,True,True,True,True,True,True,True,True,False,False,False,True,True,True,True,True,True
10070392,True,True,True,True,True,True,True,True,True,True,True,True,True,True,True,False,False,False,True,True,True,True,True,True
10070393,True,True,True,True,True,True,True,True,True,True,True,True,True,True,True,False,False,False,True,True,True,True,True,True
10072111,True,True,True,True,True,True,True,True,True,True,True,False,False,True,True,True,True,True,True,True,True,True,True,True
10072821,True,True,True,True,True,True,True,True,True,True,True,False,False,True,True,True,True,True,True,True,True,True,True,True
10073272,True,True,True,True,True,True,True,True,True,False,False,False,False,False,False,False,False,False,False,True,True,True,True,True
10073331,True,True,True,True,True,True,True,True,True,True,True,True,True,False,False,False,False,False,True,True,True,True,True,True
10075601,True,True,True,True,True,True,True,True,True,True,True,True,True,True,True,True,False,True,True,True,True,True,True,True
10077261,True,True,True,True,True,False,False,False,False,False,False,False,False,False,False,True,True,True,True,True,True,True,True,True
10077262,True,True,True,True,True,True,True,True,True,True,True,True,True,True,False,False,True,True,True,True,True,True,True,True
10078751,True,True,True,True,True,True,True,True,False,False,False,False,False,False,True,True,True,False,False,False,False,True,True,True
10078811,True,True,True,True,True,True,True,True,True,True,True,True,True,True,False,False,True,True,True,True,True,True,True,True
10079061,True,True,True,True,True,True,True,True,True,True,True,True,True,True,True,True,True,True,True,True,False,False,False,True
10079062,True,True,True,True,True,True,True,True,True,True,True,False,False,False,False,False,False,False,False,False,False,False,False,True
10081522,True,True,True,True,True,True,True,True,False,False,False,False,True,True,False,False,False,True,True,True,True,True,True,True
10082111,True,True,True,True,True,True,True,True,True,True,True,True,True,True,True,True,False,False,False,False,True,True,True,True
10082112,True,True,True,True,True,True,True,True,True,False,True,True,True,True,True,True,True,True,True,True,True,True,True,True
10083361,True,True,True,True,True,True,True,True,False,False,False,False,True,True,True,True,True,True,True,True,True,True,True,True
10083362,True,True,True,True,True,True,True,True,True,True,True,False,True,True,True,True,True,True,True,True,True,True,True,True
10086211,True,True,True,True,True,True,True,False,False,False,False,False,False,False,False,False,False,False,False,True,True,True,True,True
10087141,True,True,True,True,True,True,True,True,True,False,False,False,True,True,True,True,True,True,True,True,True,True,True,True
10089001,True,True,True,True,True,True,True,False,False,False,False,False,False,False,False,False,False,True,True,True,True,True,True,True
10089841,True,True,True,True,True,True,True,True,True,True,True,True,True,True,True,False,False,False,True,True,True,True,True,True
10089842,True,True,True,True,True,True,True,True,True,True,True,True,True,True,True,True,True,True,False,False,False,False,True,True
10091061,True,True,True,True,True,True,False,False,False,False,False,False,False,True,True,True,True,True,True,True,True,True,True,True
10091062,True,True,True,True,True,True,True,False,False,False,False,False,False,False,True,True,True,False,True,True,True,True,True,True
10091151,True,True,True,True,True,True,False,False,False,False,False,False,False,False,False,False,False,False,True,True,True,True,True,True
10091152,True,True,True,True,True,True,True,True,True,True,True,True,True,True,False,False,False,False,True,True,True,True,True,True
10091153,True,True,True,True,True,True,False,False,False,False,False,False,False,False,False,True,True,True,True,True,True,True,True,True
10093701,True,True,True,True,True,True,True,True,True,False,False,False,True,True,True,True,True,True,True,True,True,True,True,True
10094491,True,True,True,True,True,True,True,True,True,True,False,False,False,True,False,False,False,False,True,True,True,True,True,True
10094492,True,True,True,True,True,True,True,True,True,True,False,False,False,False,False,False,False,False,True,True,True,True,True,True
10096441,True,True,True,True,True,True,True,True,True,True,True,False,True,True,True,True,True,False,False,False,True,True,True,True
10098521,True,True,True,True,True,True,True,True,True,True,True,True,True,True,True,True,True,True,True,True,True,True,True,True
10099914,True,True,True,True,True,True,True,True,False,False,False,False,False,True,True,True,True,True,True,True,True,True,True,True
10101852,True,True,True,True,True,True,True,False,False,False,False,False,True,True,True,True,True,True,True,True,True,True,True,True
10102051,True,True,True,True,True,True,True,True,True,True,True,True,True,True,True,True,True,True,True,True,True,True,True,True
10102711,True,True,True,True,True,True,True,True,True,True,False,True,True,True,True,True,True,True,True,True,True,True,True,True
10102712,True,True,True,True,True,True,True,True,False,True,False,False,False,True,True,True,True,True,True,True,True,True,True,True
10103741,True,True,True,True,True,True,True,True,True,True,True,True,True,True,True,True,True,True,False,False,False,True,True,True
10103742,True,True,True,True,True,True,True,True,True,True,True,True,True,True,True,True,True,True,False,False,False,True,True,True
10107101,True,True,True,True,True,True,True,True,True,True,True,True,True,True,True,True,False,False,False,True,True,True,True,True
10107102,True,True,True,True,True,True,True,True,True,True,True,True,True,True,True,True,False,False,False,True,True,True,True,True
10108931,True,True,True,True,True,True,False,False,False,False,False,False,False,False,False,False,False,False,False,False,False,True,True,True
10108932,True,True,True,True,True,True,True,False,False,False,False,False,False,False,False,False,False,False,False,False,False,True,True,True
10109041,True,True,True,True,True,True,True,False,False,False,False,False,False,False,False,False,False,False,False,False,True,True,True,True
10109042,True,True,True,True,True,True,True,True,False,False,True,True,True,True,True,True,True,True,True,True,True,True,True,True
10109043,True,True,True,True,True,True,True,True,True,True,True,True,True,True,True,False,True,True,True,True,True,True,True,True
10109461,True,True,True,True,True,True,True,True,True,True,True,True,True,False,False,False,False,True,True,True,True,True,True,True
10110001,True,True,True,True,True,True,True,True,False,False,False,False,False,False,False,False,False,False,False,False,False,True,True,True
10110421,True,True,True,True,True,True,True,True,True,True,True,True,False,False,False,True,True,True,True,True,True,True,True,True
10110771,True,True,True,True,True,True,True,True,True,False,True,True,True,True,True,True,False,False,False,False,False,False,True,True
10110781,True,True,True,True,True,True,True,True,True,True,True,True,True,True,True,True,False,False,False,False,True,True,True,True
10110782,True,True,True,True,True,True,True,True,True,True,True,True,True,True,True,True,False,False,False,False,True,True,True,True
10110783,True,True,True,True,True,True,True,True,True,True,True,True,True,True,True,True,False,False,False,False,True,True,True,True
10113112,True,True,True,True,True,True,True,True,False,False,False,False,False,False,False,True,True,True,True,True,True,True,True,True
10113113,True,True,True,True,True,True,True,True,False,False,False,False,False,False,False,True,True,True,True,True,True,True,True,True
10113114,True,True,True,True,True,True,True,True,False,False,False,False,False,False,False,True,True,True,True,True,True,True,True,True
10116411,True,True,True,True,True,True,True,True,False,False,False,False,False,False,False,False,False,True,True,True,True,True,True,True
10117081,True,True,True,True,True,True,False,False,False,False,False,False,False,False,False,False,False,False,True,True,True,True,True,True
10117311,True,True,True,True,True,True,True,True,True,False,False,False,True,False,False,False,False,False,False,False,True,True,True,True
10118031,True,True,True,True,True,True,True,True,True,False,False,False,False,False,False,False,False,False,True,True,True,True,True,True
10119781,True,True,True,True,True,True,True,True,True,True,True,True,True,True,True,True,True,True,True,True,True,True,True,True
10119782,True,True,True,True,True,True,True,False,False,False,False,False,False,False,False,True,True,True,True,True,True,True,True,True
10120021,True,True,True,True,True,True,True,True,True,True,True,True,True,True,True,True,True,False,False,True,True,True,True,True
10120352,True,True,True,True,True,True,True,True,True,False,False,True,True,True,True,True,True,True,True,True,True,True,True,True
10122321,True,True,True,True,True,True,True,True,True,True,True,True,True,True,True,True,True,True,True,True,True,True,True,True
10122771,True,True,True,True,True,True,True,True,True,False,False,False,False,False,False,False,True,True,True,True,True,True,True,True
10122772,True,True,True,True,True,True,True,True,False,True,True,True,True,True,True,False,False,True,True,True,True,True,True,True
10122773,True,True,True,True,True,True,True,True,False,True,True,True,True,True,True,False,False,True,True,True,True,True,True,True
10122841,True,True,True,True,True,True,True,True,True,True,True,True,True,True,True,False,True,True,True,False,False,True,True,True
10123661,True,True,True,True,True,True,False,False,False,False,False,False,False,False,False,True,False,False,False,True,True,True,True,True
10124351,True,True,True,True,True,True,True,True,True,True,False,False,True,True,True,True,True,True,False,False,True,True,True,True
10124352,True,True,True,True,True,True,True,True,True,True,False,False,True,True,True,True,True,True,False,False,True,True,True,True
10124561,True,True,True,True,True,True,True,True,True,True,True,True,True,True,False,True,True,True,True,True,True,True,True,True
10124564,True,True,True,True,True,True,True,True,False,True,True,True,True,True,True,True,True,True,True,True,True,True,True,True
10127201,True,True,True,True,True,True,True,True,False,False,True,True,True,True,True,True,True,True,True,True,True,True,True,True
10127781,True,True,True,False,False,False,True,True,True,True,True,True,True,True,True,True,True,True,True,True,True,True,True,True
10128571,True,True,True,True,True,True,True,False,False,False,False,False,False,False,True,False,False,True,True,True,True,True,True,True
10128572,True,True,True,True,True,True,True,False,False,False,False,False,False,False,False,False,False,False,True,True,True,True,True,True
10129042,True,True,True,True,True,True,True,True,True,False,False,True,True,True,True,True,True,True,True,True,True,True,True,True
10129621,True,True,True,True,True,True,True,True,True,False,True,True,False,False,False,False,False,False,False,False,True,True,True,True
10129712,True,True,True,True,True,True,True,True,True,True,False,True,True,True,True,True,True,True,True,True,True,True,True,True
10130911,True,True,True,True,True,True,True,True,True,True,True,True,True,True,True,True,True,True,True,True,True,True,True,True
10130912,True,False,True,True,True,True,True,True,True,True,True,True,True,True,True,True,True,True,True,True,True,True,True,True
10130913,True,True,True,True,True,True,True,False,False,False,False,False,False,False,False,False,False,False,True,False,False,True,True,True
10132411,True,True,True,True,True,True,True,True,True,True,True,True,True,False,False,False,False,False,False,True,True,True,True,True
10132412,True,True,True,True,True,True,True,True,True,True,True,True,True,False,False,False,False,False,False,True,True,True,True,True
10132501,True,True,True,True,True,True,True,True,True,True,True,True,True,True,True,True,True,False,False,False,True,True,True,True
10132502,True,True,True,True,True,True,True,True,True,True,True,True,True,True,True,True,True,False,False,False,True,True,True,True
10132591,True,True,True,True,True,True,True,False,False,False,False,False,False,True,False,False,True,True,True,False,False,False,False,True
10132592,True,True,True,True,True,True,True,True,True,True,True,True,True,False,False,False,False,False,True,True,True,True,True,True
10134842,True,True,True,True,True,True,True,False,True,True,True,True,True,True,False,False,False,False,False,False,True,True,True,True
10135871,True,True,True,True,True,True,True,True,True,True,True,True,True,True,True,True,True,True,True,True,True,True,True,True
10135872,True,True,True,True,True,True,True,True,True,True,True,True,True,True,True,True,True,True,True,True,True,True,True,True
10136011,True,True,True,True,True,True,True,False,False,False,False,False,False,False,False,False,False,True,True,True,True,True,True,True
10136652,True,True,True,True,True,True,True,True,True,True,True,True,True,True,True,True,True,True,True,False,False,False,False,False
10138161,True,True,True,True,True,True,True,True,True,True,True,True,True,True,True,False,False,False,True,True,True,True,True,True
10138162,True,True,True,True,True,True,True,True,True,True,True,True,True,True,True,False,False,False,True,True,True,True,True,True
10139041,True,True,True,True,True,True,True,True,True,True,True,True,True,True,True,False,True,True,True,True,True,True,True,True
10139581,True,True,True,True,True,True,True,False,False,False,False,False,False,True,True,False,True,True,True,True,True,True,True,True
10139582,True,True,True,True,True,True,True,True,True,False,False,False,False,False,False,False,False,False,False,False,True,True,True,True
10140171,True,True,True,True,True,True,True,True,False,False,False,False,False,False,False,False,False,True,True,True,True,True,True,True
10140371,True,True,True,True,True,True,True,True,True,True,True,False,False,True,True,True,True,False,False,False,True,True,True,True
10142011,True,True,True,True,False,True,True,False,False,False,False,False,False,False,False,True,True,True,True,True,True,True,True,True
10142102,True,True,True,True,True,True,True,True,True,True,False,False,True,True,True,True,True,False,False,False,False,False,False,False
10142641,True,True,True,True,True,True,True,False,False,False,False,False,False,False,False,False,False,False,False,False,False,False,False,False
10144991,True,True,True,True,True,True,True,True,False,False,False,False,False,True,True,False,False,False,True,True,True,True,True,True
10144992,True,True,True,True,True,True,True,True,True,False,False,False,False,False,False,False,False,False,False,True,True,True,True,True
10145171,True,True,True,True,True,True,True,True,True,True,True,True,True,True,True,False,False,False,True,True,True,True,True,True
10145174,True,True,True,True,True,True,True,True,True,True,True,True,True,True,True,True,False,False,True,True,True,True,True,True
10147311,True,False,True,True,True,True,True,True,True,True,True,True,True,True,True,True,True,True,True,True,True,True,True,True
10147312,True,True,True,True,True,True,True,True,True,True,True,True,True,True,True,True,True,False,True,True,True,True,True,True
10147313,True,True,True,True,True,True,True,True,True,True,True,True,True,True,True,True,True,True,True,False,True,True,True,True
10147314,True,True,True,True,True,True,True,True,True,True,True,True,True,True,True,True,True,True,True,True,True,True,True,True
10147451,True,True,True,True,True,True,True,True,True,True,False,False,False,True,True,True,True,True,True,True,True,True,True,True
10152151,True,True,True,True,True,True,True,True,True,True,True,True,True,True,False,False,False,True,True,True,True,True,True,True
10152152,True,True,True,True,True,True,True,True,True,True,True,True,True,True,True,True,False,True,True,True,True,True,True,True
10153551,True,True,True,True,True,True,True,True,True,True,True,True,True,False,False,True,True,True,True,True,True,True,True,True
10153553,True,True,True,True,True,True,True,True,True,True,True,True,True,True,True,True,True,False,False,True,True,True,True,True
10153554,True,True,True,True,True,True,True,True,False,False,False,False,False,True,True,True,True,True,True,True,True,True,True,True
10155951,True,True,True,True,True,True,True,True,True,False,False,False,False,False,True,True,True,True,True,True,True,True,True,True
10156941,True,True,True,True,True,True,True,True,True,True,True,True,True,True,True,True,True,True,True,True,True,True,True,True
10157181,True,True,True,True,True,True,True,True,True,False,False,True,True,True,True,True,True,True,True,True,True,True,True,True
10157182,True,True,True,True,True,True,True,True,True,False,False,True,True,True,True,True,True,True,True,True,True,True,True,True
10158051,True,True,True,True,True,True,True,True,True,True,True,True,True,True,True,True,True,True,False,False,True,True,True,True
10158052,True,True,True,True,True,True,False,False,False,False,False,False,False,False,False,True,True,True,True,True,True,True,True,True
10158053,True,True,True,True,True,True,True,True,False,False,False,False,False,False,False,True,True,True,False,False,True,True,True,True
10158054,True,True,True,True,True,True,True,False,False,False,False,False,False,False,False,False,True,False,True,True,True,True,True,True
10158531,True,True,True,True,True,True,True,True,True,True,True,True,True,True,False,True,True,True,True,True,True,True,True,True
10158532,True,True,True,True,True,True,True,True,True,True,True,True,True,True,False,True,True,True,True,True,True,True,True,True
10158901,True,True,True,True,True,True,True,False,False,False,False,False,False,False,False,False,False,False,False,False,True,True,True,True
10158902,True,True,True,True,True,True,True,True,True,True,True,True,False,False,False,False,True,False,False,False,False,True,True,True
10159291,True,True,True,True,True,True,True,True,True,True,True,True,True,True,True,True,True,True,False,False,True,True,True,True
10159292,True,True,True,True,True,True,True,True,True,True,False,True,True,True,True,True,True,True,True,True,True,True,True,True
10163651,True,True,True,True,True,True,True,True,False,False,False,False,False,False,False,False,False,False,True,True,True,True,True,True
10164311,True,True,True,True,True,True,True,True,True,True,False,False,False,False,False,False,False,False,False,False,False,True,True,True
10164312,True,True,True,True,True,True,True,True,True,True,False,False,False,False,False,False,False,False,False,False,False,True,True,True
10165081,True,True,True,True,True,True,True,True,True,False,False,False,False,False,False,False,False,False,False,False,False,False,False,True
10165082,True,True,True,True,True,True,True,True,False,False,False,False,False,False,False,False,False,False,False,False,False,False,False,True
10165141,True,True,True,True,True,True,True,True,True,True,False,False,False,False,False,False,False,False,False,False,True,True,True,True
10165981,True,True,True,True,True,True,True,True,True,True,True,True,True,True,True,True,True,True,False,False,False,False,False,True
10168412,True,True,True,True,True,True,True,False,False,False,False,False,False,False,False,False,False,False,True,True,True,True,True,True
10168414,True,True,True,True,True,True,True,True,True,True,True,True,True,True,True,True,True,True,True,True,True,True,True,True
10168481,True,True,True,True,True,True,True,True,True,True,False,False,True,True,True,True,True,True,True,True,True,True,True,True
10168482,True,True,True,True,True,True,True,True,True,True,True,True,True,True,True,False,False,False,False,True,True,True,True,True
10169461,True,True,True,True,True,True,True,True,True,True,True,True,True,False,False,False,False,False,True,True,True,True,True,True
10169462,True,True,True,True,True,True,True,True,True,True,True,True,True,False,False,False,False,False,True,True,True,True,True,True
10169541,True,True,True,True,True,True,True,False,False,False,False,False,False,False,False,False,True,True,True,True,True,True,True,True
10170191,True,True,True,True,True,True,True,True,True,True,True,True,True,False,False,False,False,False,False,True,True,True,True,True
10170192,True,True,True,True,True,True,True,True,True,True,True,True,False,True,True,True,True,False,False,True,True,True,True,True
10170531,True,True,True,True,True,True,True,True,False,False,False,False,False,True,True,True,True,True,True,True,True,True,True,True
10170651,True,True,True,True,True,True,True,True,False,False,True,True,True,False,False,True,True,True,True,True,True,True,True,True
10171131,True,True,True,True,True,True,True,True,True,True,True,True,True,True,True,False,True,True,True,True,True,True,True,True
10171132,True,True,True,True,True,False,False,False,False,False,False,False,False,False,True,True,True,True,True,True,True,True,True,True
10171691,True,True,True,True,True,True,True,True,True,True,True,True,True,True,True,True,True,True,False,True,True,True,True,True
10171831,True,True,True,True,True,True,True,True,True,False,False,False,True,True,True,True,True,True,True,True,True,True,True,True
10173991,True,True,True,True,True,True,True,True,True,True,True,True,False,True,True,True,True,True,True,True,True,True,True,True
10173992,True,True,True,True,True,True,True,True,True,True,True,False,False,False,False,False,False,True,True,True,True,True,True,True
10174481,True,True,True,True,True,True,True,False,False,False,False,False,True,True,True,True,False,True,True,True,True,True,True,True
10174482,True,True,True,True,True,True,True,True,True,True,True,True,True,True,False,False,True,True,False,False,False,False,True,True
10174483,True,True,True,True,True,True,True,False,False,False,False,False,False,False,False,False,False,True,False,False,False,False,True,True
10174891,True,True,True,True,True,True,True,True,True,True,True,False,False,False,True,True,True,True,True,True,True,True,True,True
10174892,True,True,True,True,True,True,True,True,True,False,False,False,False,False,True,True,True,False,False,True,True,True,True,True
10175971,True,True,True,True,True,True,True,False,True,False,True,True,True,True,True,True,True,True,True,True,True,True,True,True
10176071,True,True,True,True,True,True,True,False,False,False,True,True,True,True,True,True,True,True,True,True,True,True,True,True
10176072,True,True,True,True,True,True,True,False,False,False,False,False,False,False,False,False,False,True,True,True,True,True,True,True
10176161,True,True,True,True,True,False,False,False,False,False,False,False,False,False,False,False,False,True,True,True,True,True,True,True
10176162,True,True,True,True,True,True,True,False,False,False,False,False,False,False,False,False,True,True,True,True,True,True,True,True
10176622,True,True,True,True,True,False,False,False,False,False,False,False,False,False,True,True,True,True,True,True,True,True,True,True
10176624,True,True,True,True,True,True,True,True,True,True,True,False,False,False,False,False,True,True,True,True,True,True,True,True
10176821,True,True,True,True,True,True,True,True,True,True,True,True,True,True,True,True,True,True,True,True,False,False,True,True
10176822,True,True,True,True,True,True,True,True,True,True,True,False,True,True,True,True,True,True,True,True,False,False,True,True
10177971,True,True,True,True,True,True,True,True,True,False,False,False,False,False,False,False,True,True,False,True,True,True,True,True
10177972,True,True,True,True,True,True,True,True,True,False,False,False,False,False,False,False,False,False,True,True,True,True,True,True
10177973,True,True,True,True,True,True,True,True,True,True,True,True,True,True,True,True,True,True,True,True,True,True,True,True
10179391,True,True,True,True,True,True,True,True,True,True,True,True,True,True,True,True,True,True,True,True,True,True,True,True
10180341,True,True,True,True,True,True,True,True,True,True,True,True,True,True,False,False,True,True,True,True,True,True,True,True
10180342,True,True,True,True,True,True,True,True,True,True,True,True,True,True,False,False,True,True,True,True,True,True,True,True
10183681,True,True,True,True,True,True,True,True,True,True,True,True,False,False,False,False,True,True,True,True,True,True,True,True
10183682,True,True,True,True,True,True,True,True,True,True,True,True,False,False,False,False,True,True,True,True,True,True,True,True
10184451,True,True,True,True,True,True,True,True,True,True,False,True,False,False,True,True,True,True,True,True,True,True,True,True
10184452,True,True,True,True,True,True,True,True,True,True,True,True,False,False,True,True,True,True,True,True,True,True,True,True
10184742,True,True,True,True,True,True,True,True,False,False,True,True,True,True,True,True,True,True,True,True,True,True,True,True
10184761,True,True,True,True,True,True,True,True,False,False,False,False,False,False,False,True,True,True,True,True,True,True,True,True
10184911,True,True,True,True,True,True,True,True,True,True,True,True,True,True,True,True,True,True,True,True,True,True,True,True
10186041,True,True,True,True,True,True,True,True,True,True,True,True,False,True,True,True,True,False,True,True,True,True,True,True
10187012,True,True,True,True,True,True,False,False,False,False,False,False,True,True,False,False,False,False,True,False,True,True,True,True
10187141,True,True,True,True,True,True,True,True,False,False,False,False,False,False,False,False,False,False,False,True,True,True,True,True
10187281,True,True,True,True,True,True,True,True,True,True,True,True,True,True,True,True,False,False,False,False,True,True,True,True
10187282,True,True,True,True,True,True,True,True,True,True,True,True,True,True,True,True,False,False,False,False,True,True,True,True
10188281,True,True,True,True,True,False,False,False,False,False,False,False,False,False,False,True,True,True,True,True,True,True,True,True
10188282,True,True,True,True,True,False,False,False,False,False,False,False,False,False,False,False,True,True,True,True,True,True,True,True
10189001,True,True,True,True,True,True,True,True,True,True,True,False,False,True,True,True,True,True,True,True,True,True,True,True
10190331,True,True,True,True,True,True,True,True,False,False,False,False,False,False,False,False,False,False,False,True,True,True,True,True
10193721,True,True,True,True,True,True,True,False,False,False,True,True,True,False,False,False,False,True,True,True,True,True,True,True
10197141,True,True,True,True,True,True,True,True,True,False,False,False,True,True,True,True,True,True,True,True,True,True,True,True
10198841,True,True,True,True,True,True,True,True,True,True,False,False,True,True,True,True,True,True,False,True,True,True,True,True
10198842,True,True,True,True,True,True,True,True,True,True,True,True,True,False,False,False,True,True,True,True,True,True,True,True
10200961,True,True,True,True,True,True,True,True,True,False,False,False,False,False,False,False,False,False,False,True,True,True,True,True
10201162,True,True,True,True,True,True,False,False,False,False,False,False,False,False,False,True,True,True,False,False,False,True,True,True
10201211,True,True,True,True,True,True,True,True,False,True,False,False,True,True,True,True,False,True,True,True,True,True,True,True
10201212,True,True,True,True,True,True,True,True,False,False,False,False,True,True,True,True,False,True,True,True,True,True,True,True
10201511,True,True,True,True,True,True,True,True,True,True,True,True,True,True,True,True,True,True,True,True,True,True,True,True
10201512,True,True,True,True,True,True,True,True,False,False,False,False,True,False,False,False,False,True,True,True,True,True,True,True
10201681,True,True,True,True,True,True,True,False,False,False,False,False,False,False,False,False,False,False,True,True,True,True,True,True
